<?xml version="1.0" encoding="UTF-8"?>
<project-private xmlns="http://www.netbeans.org/ns/project-private/1">
    <editor-bookmarks xmlns="http://www.netbeans.org/ns/editor-bookmarks/2" lastBookmarkId="0"/>
    <open-files xmlns="http://www.netbeans.org/ns/projectui-open-files/2">
        <group>
            <file>file:/D:/Documents/a.djadour/Documents/ProjetBanqueNet/DjadourLacabanneBanque/DjadourLacabanneBanque-war/web/CompteBancaireDetail.xhtml</file>
            <file>file:/D:/Documents/a.djadour/Documents/ProjetBanqueNet/DjadourLacabanneBanque/DjadourLacabanneBanque-war/web/resources/css/default.css</file>
            <file>file:/D:/Documents/a.djadour/Documents/ProjetBanqueNet/DjadourLacabanneBanque/DjadourLacabanneBanque-war/web/Archive.xhtml</file>
            <file>file:/D:/Documents/a.djadour/Documents/ProjetBanqueNet/DjadourLacabanneBanque/DjadourLacabanneBanque-war/web/affichageCompteBanquier.xhtml</file>
            <file>file:/D:/Documents/a.djadour/Documents/ProjetBanqueNet/DjadourLacabanneBanque/DjadourLacabanneBanque-war/src/java/managedBeans/CompteBancaireUMBean.java</file>
            <file>file:/D:/Documents/a.djadour/Documents/ProjetBanqueNet/DjadourLacabanneBanque/DjadourLacabanneBanque-war/web/affichageClient.xhtml</file>
            <file>file:/D:/Documents/a.djadour/Documents/ProjetBanqueNet/DjadourLacabanneBanque/DjadourLacabanneBanque-war/src/java/managedBeans/CompteDetailMBean.java</file>
            <file>file:/D:/Documents/a.djadour/Documents/ProjetBanqueNet/DjadourLacabanneBanque/DjadourLacabanneBanque-war/web/CompteBanquierDetail.xhtml</file>
        </group>
    </open-files>
</project-private>
